"Proyectos","Nombre","Tipo Cliente","Nivel DNN","Tecnología","Factor Solapa","Potencia","Tensión POE","Est Transformadora","Linea","Fecha Inicio","Estado","Calendario Fijo","% Avance"
"PSSDV","Sol del Valle","DPI","N/A","Solar","1,00","300","132","Et Nueva","Línea AT","01/02/2027 0:00","No Iniciado","Si",
"PAMAS","Maschwits","DPI","N/A","Bess","1,00","40","33","Ampliación ET","N/A","01/08/2026 0:00","En Proceso","No",
"PATOC","Tocota","DPI","N/A","Bess","1,00","15","33","N/A","Línea MT","01/05/2026 0:00","En Proceso","No",
"PABRA","Bragado","DPI","N/A","Bess","0,43","100","33","N/A","N/A","28/01/2027 0:00","En Proceso","No",
"PACGO","Cañada de Gomez","DPI","N/A","Bess","0,43","36","33","N/A","N/A","01/10/2026 0:00","No Iniciado","No",
"PACHA","Chascomus","DPI","N/A","Bess","0,43","45","33","N/A","N/A","15/09/2026 0:00","No Iniciado","No",
"PACRA","Cruz Alta","DPI","N/A","Bess","0,43","100","132","N/A","N/A","30/12/2026 0:00","No Iniciado","No",
"PACRE","Crespo","DPI","N/A","Bess","0,43","50","33","N/A","N/A","28/08/2026 0:00","En Proceso","Si",
"PAMDA","Mar de Ajo","DPI","N/A","Bess","0,43","40","33","N/A","N/A","31/08/2026 0:00","En Proceso","No",
"PASRS","Eanta Rosa Sur","DPI","N/A","Bess","0,43","30","33","N/A","N/A","31/08/2026 0:00","En Proceso","Si",
"PEHUC","Hucalito","DPI","N/A","Eólico","1,00","30","33","N/A","N/A","01/08/2026 0:00","En Proceso","No",
"PEVI3","Villalonga III","DNN","Cat 2","Eólico","1,00","33","33","N/A","N/A","01/05/2026 0:00","En Proceso","Si",
"PSMZS","Mendoza Sur","DNN","Cat 2","Solar","1,00","50","33","N/A","N/A","01/05/2026 0:00","En Proceso","Si",
"PDACE","Data Center","DNN","Cat 2","Termico","1,00","100","33","N/A","N/A","01/09/2026 0:00","En Proceso","No",
"PEDAN","Don Antonio","DNN","Cat 1","Eólico","1,00","80","33","N/A","N/A","15/09/2026 0:00","En Proceso","Si",
"HINUH","Hidroeléctrica Nihuiles","O&M","Cat 1","Solar","1,00","100","33","N/A","N/A","01/09/2026 0:00","En Proceso","No",
